{"data": [{"file": "gate_south-end_north-end_20210608_054523.0.cutin", "type": "cutin", "carid": 59, "ego_esmini": {"speed": [9.639999961853027, 9.674903869628906, 15.30999927520752, 15.30999927520752, 15.30999927520752], "x": [33.06184387207031, 35.739715576171875, 39.8585090637207, 44.11126708984375, 48.3640251159668], "y": [-4.4938883781433105, -4.489433288574219, -4.480828285217285, -4.47028923034668, -4.458739280700684], "sec": [1, 2, 3, 4, 5]}, "ego_real": {"speed": [9.639999961853027, 15.30999927520752, 21.349999237060548, 26.12000026702881, 29.980000305175782], "x": [35.124762631618644, 38.579204922908545, 43.71348434618397, 50.35831762836864, 58.26210514209028], "y": [1.5441561937332153, 1.5313831567764282, 1.5075763463974, 1.4884649515151978, 1.5029346942901611], "sec": [1, 2, 3, 4, 5]}, "adversary_esmini": {"speed": [38.22400016784668, 38.22400016784668, 37.630000305175784, 37.630000305175784, 37.630000305175784], "x": [50.741844177246094, 61.35947036743164, 71.86026763916016, 82.30797576904297, 92.75687408447266], "y": [-7.452106952667236, -7.3585524559021, -6.594654560089111, -5.406298637390137, -4.477435111999512], "sec": [1, 2, 3, 4, 5]}, "adversary_real": {"speed": [38.22400016784668, 37.62999858856201, 37.3339994430542, 37.31599988937378, 36.38800020217896], "x": [61.20647010789372, 71.58991846125068, 81.8893312214071, 92.41569738640943, 102.81455188922924], "y": [0.28581321239471436, 0.08619488030672073, 0.11506059765815735, 0.8537670373916626, 0.9316866993904114], "sec": [1, 2, 3, 4, 5]}, "esmini": {"rss": [2.152319664244004, 2.1770011519169543, 6.687187279941128, 6.687187279941128, 6.687187279941128], "sec": [1, 2, 3, 4, 5]}, "real": {"rss": [2.152319664244004, 6.687187902975225, 12.075700897152487, 16.750506409117175, 21.179370712007564], "sec": [1, 2, 3, 4, 5]}}, {"file": "gate_south-end_north-end_20210608_054523.0.cutin", "type": "cutin", "carid": 20, "ego_esmini": {"speed": [9.639999961853027, 9.674903869628906, 15.30999927520752, 15.30999927520752, 15.30999927520752, 15.30999927520752, 15.30999927520752, 15.30999927520752, 15.30999927520752, 15.30999927520752], "x": [33.06184387207031, 35.73971176147461, 39.85850524902344, 44.11126708984375, 48.3640251159668, 52.61677932739258, 56.86954879760742, 61.122314453125, 65.37508392333984, 69.62784576416016], "y": [-4.4938883781433105, -4.489433288574219, -4.480828285217285, -4.47028923034668, -4.458739280700684, -4.447020530700684, -4.436169624328613, -4.425464630126953, -4.413960933685303, -4.400713920593262], "sec": [1, 2, 3, 4, 5, 6, 7, 8, 9, 10]}, "ego_real": {"speed": [9.639999961853027, 15.30999927520752, 21.349999237060548, 26.12000026702881, 29.980000305175782, 33.70999946594238, 36.33999938964844, 36.75999984741211, 37.27999992370606, 37.82999954223633], "x": [35.124762631618644, 38.579204922908545, 43.71348434618397, 50.35831762836864, 58.26210514209028, 67.11346455458981, 76.8576720569925, 87.01540405989431, 97.25081146282966, 107.7798704491036], "y": [1.5441561937332153, 1.5313831567764282, 1.5075763463974, 1.4884649515151978, 1.5029346942901611, 1.5414291620254517, 1.5907540321350098, 1.6332976818084717, 1.6626542806625366, 1.6624600887298584], "sec": [1, 2, 3, 4, 5, 6, 7, 8, 9, 10]}, "adversary_esmini": {"speed": [31.528001403808595, 35.28999824523926, 35.28999824523926, 35.28999824523926, 35.28999824523926, 35.28999824523926, 35.28999824523926, 35.28999824523926, 35.28999824523926, 35.28999824523926], "x": [30.05068016052246, 39.43021011352539, 49.232948303222656, 59.03569030761719, 68.83843994140625, 78.64251708984375, 88.44857788085938, 98.25492095947266, 108.06053161621094, 117.86699676513672], "y": [-1.4975775480270386, -1.4817994832992554, -1.4563044309616089, -1.4307488203048706, -1.4047821760177612, -1.6900714635849, -2.4204018115997314, -3.307945966720581, -3.9945757389068604, -4.192019462585449], "sec": [1, 2, 3, 4, 5, 6, 7, 8, 9, 10]}, "adversary_real": {"speed": [31.527999687194825, 35.28999824523926, 39.85399875640869, 40.55599937438965, 38.51199989318848, 37.41799936294556, 38.499999260902406, 39.56799974441528, 41.05999975204468, 41.82599959373474], "x": [30.748717291515284, 40.431388287556004, 51.3504411831683, 62.64054690319484, 73.45778325364256, 83.83134427500445, 94.4329255968562, 105.38953365206392, 116.79589114405881, 128.51387667592707], "y": [4.4783759117126465, 4.34439754486084, 4.519250869750977, 4.535419464111328, 4.445041656494141, 3.9987635612487793, 2.9219276905059814, 2.06081223487854, 1.7923085689544678, 1.6994801759719849], "sec": [1, 2, 3, 4, 5, 6, 7, 8, 9, 10]}, "esmini": {"rss": [4.404727632574378, 3.2171738596838964, 7.51006993242251, 7.51006993242251, 7.51006993242251, 7.51006993242251, 7.51006993242251, 7.51006993242251, 7.51006993242251, 7.51006993242251], "sec": [1, 2, 3, 4, 5, 6, 7, 8, 9, 10]}, "real": {"rss": [4.4047281545786205, 7.51006993242251, 11.13765256352086, 15.533756614018074, 20.412165961529297, 25.046785271913844, 27.797362568826404, 27.91014929258264, 27.97218943260702, 28.350903931701517], "sec": [1, 2, 3, 4, 5, 6, 7, 8, 9, 10]}}, {"file": "gate_south-end_north-end_20210608_054523.0.cutin", "type": "cutin", "carid": 120, "ego_esmini": {"speed": [37.190001296997075, 37.190001296997075, 39.4700008392334, 39.4700008392334, 39.4700008392334, 39.4700008392334, 39.4700008392334], "x": [482.5255432128906, 492.826416015625, 503.60302734375, 514.5337524414062, 525.4638061523438, 536.3935546875, 547.3244018554688], "y": [10.205877304077148, 10.988492965698242, 11.820673942565918, 12.672844886779785, 13.53371524810791, 14.398538589477539, 15.249187469482422], "sec": [1, 2, 3, 4, 5, 6, 7]}, "ego_real": {"speed": [37.190001296997075, 39.4700008392334, 41.160000228881835, 41.93000106811524, 43.38000068664551, 44.210000610351564, 44.970000457763675], "x": [492.2043201005785, 503.1397657663144, 514.325247395843, 526.05696153975, 537.5590731861846, 550.1699726913747, 562.5495251456398], "y": [1.6168254613876343, 1.5995733737945557, 1.5610322952270508, 1.547440767288208, 1.5790945291519165, 1.608182430267334, 1.5799232721328735], "sec": [1, 2, 3, 4, 5, 6, 7]}, "adversary_esmini": {"speed": [43.45400047302246, 45.9140007019043, 45.9140007019043, 45.9140007019043, 45.9140007019043, 45.9140007019043, 45.9140007019043], "x": [497.0735778808594, 509.2203063964844, 521.9351806640625, 534.6492309570312, 547.3646240234375, 560.0796508789062, 572.7911987304688], "y": [14.323831558227539, 15.267004013061523, 16.263782501220703, 17.270896911621094, 18.26128387451172, 19.256500244140625, 20.294082641601562], "sec": [1, 2, 3, 4, 5, 6, 7]}, "adversary_real": {"speed": [43.454001331329344, 45.9140007019043, 50.627999782562256, 51.002000999450686, 50.68800058364868, 51.01400055885315, 51.95400023460388], "x": [503.706175982028, 516.6760815754179, 530.2123749449488, 544.6029173042267, 558.1417406235385, 572.7502312783502, 587.091286647248], "y": [5.95383358001709, 4.738808631896973, 3.7135732173919678, 2.8661458492279053, 2.285365343093872, 1.6944481134414673, 1.2019059658050537], "sec": [1, 2, 3, 4, 5, 6, 7]}, "esmini": {"rss": [26.884945871467664, 25.82473511073738, 28.698044766015187, 28.698044766015187, 28.698044766015187, 28.698044766015187, 28.698044766015187], "sec": [1, 2, 3, 4, 5, 6, 7]}, "real": {"rss": [26.88494551173707, 28.698044766015187, 28.697805268225405, 29.532629188622522, 31.63491314687729, 32.608507527169515, 33.19127985823585], "sec": [1, 2, 3, 4, 5, 6, 7]}}]}