{"data": [{"file": "gate_south-end_north-end_20210608_054523.0.cutin", "type": "cutin", "carid": 59, "ego_esmini": {"speed": [0.0, 0.0, 0.0, 0.0, 0.0, 0.0, 0.0], "x": [32.530731201171875, 32.530731201171875, 32.530731201171875, 32.530731201171875, 32.530731201171875, 32.530731201171875, 32.530731201171875], "y": [-4.494647026062012, -4.494647026062012, -4.494647026062012, -4.494647026062012, -4.494647026062012, -4.494647026062012, -4.494647026062012], "sec": [1, 2, 3, 4, 5, 6, 7]}, "ego_real": {"speed": [0.0, 4.7099997997283936, 9.639999961853027, 15.30999927520752, 21.349999237060548, 26.12000026702881, 29.980000305175782], "x": [32.52449474636146, 33.055236428366186, 35.124762631618644, 38.579204922908545, 43.71348434618397, 50.35831762836864, 58.26210514209028], "y": [1.5524579286575317, 1.5509032011032104, 1.5441561937332153, 1.5313831567764282, 1.5075763463974, 1.4884649515151978, 1.5029346942901611], "sec": [1, 2, 3, 4, 5, 6, 7]}, "adversary_esmini": {"speed": [39.70799903869629, 39.954000091552736, 39.954000091552736, 37.630000305175784, 37.630000305175784, 37.31600074768067, 37.31600074768067], "x": [30.51120376586914, 41.58795166015625, 52.6861572265625, 63.23041915893555, 73.67701721191406, 84.05125427246094, 94.41670989990234], "y": [-7.497115612030029, -7.4767165184021, -7.446847915649414, -6.450140476226807, -4.482452392578125, -4.33967924118042, -4.296546936035156], "sec": [1, 2, 3, 4, 5, 6, 7]}, "adversary_real": {"speed": [39.70799903869629, 39.95399966239929, 38.22400016784668, 37.62999858856201, 37.3339994430542, 37.31599988937378, 36.38800020217896], "x": [39.39051470535718, 50.72105961195825, 61.20647010789372, 71.58991846125068, 81.8893312214071, 92.41569738640943, 102.81455188922924], "y": [1.7794157266616821, 0.8501515984535217, 0.28581321239471436, 0.08619488030672073, 0.11506059765815735, 0.8537670373916626, 0.9316866993904114], "sec": [1, 2, 3, 4, 5, 6, 7]}, "esmini": {"rss": [-4.322555881834035, -4.417062708891763, -4.417062708891763, -3.547535315236928, -3.547535315236928, -3.4340466425583713, -3.4340466425583713], "sec": [1, 2, 3, 4, 5, 6, 7]}, "real": {"rss": [-4.322555881834035, -1.7499706521289218, 2.152319664244004, 6.687187902975225, 12.075700897152487, 16.750506409117175, 21.179370712007564], "sec": [1, 2, 3, 4, 5, 6, 7]}}, {"file": "gate_south-end_north-end_20210608_054523.0.cutin", "type": "cutin", "carid": 20, "ego_esmini": {"speed": [9.639999961853027, 15.30999927520752, 15.30999927520752, 26.956404876708984, 29.980000305175782, 29.980000305175782, 36.594082260131835, 36.75999984741211, 37.77168960571289, 37.82999954223633], "x": [33.06184387207031, 36.779273986816406, 41.03203582763672, 45.48149871826172, 53.79588317871094, 62.123653411865234, 70.61161041259766, 80.822509765625, 91.05590057373047, 101.5640640258789], "y": [-4.4938883781433105, -4.4874444007873535, -4.478059768676758, -4.46664571762085, -4.443943023681641, -4.422863006591797, -4.397301197052002, -4.353940963745117, -4.3099493980407715, -4.270533561706543], "sec": [1, 2, 3, 4, 5, 6, 7, 8, 9, 10]}, "ego_real": {"speed": [9.639999961853027, 15.30999927520752, 21.349999237060548, 26.12000026702881, 29.980000305175782, 33.70999946594238, 36.33999938964844, 36.75999984741211, 37.27999992370606, 37.82999954223633], "x": [35.124762631618644, 38.579204922908545, 43.71348434618397, 50.35831762836864, 58.26210514209028, 67.11346455458981, 76.8576720569925, 87.01540405989431, 97.25081146282966, 107.7798704491036], "y": [1.5441561937332153, 1.5313831567764282, 1.5075763463974, 1.4884649515151978, 1.5029346942901611, 1.5414291620254517, 1.5907540321350098, 1.6332976818084717, 1.6626542806625366, 1.6624600887298584], "sec": [1, 2, 3, 4, 5, 6, 7, 8, 9, 10]}, "adversary_esmini": {"speed": [31.528001403808595, 35.28999824523926, 35.28999824523926, 38.51199989318848, 38.51199989318848, 38.51199989318848, 39.5679988861084, 39.5679988861084, 41.825998306274414, 41.825998306274414], "x": [30.05068016052246, 39.54008483886719, 49.34282302856445, 59.5706901550293, 70.2684326171875, 80.96611022949219, 91.78289794921875, 102.77596282958984, 114.04391479492188, 125.66710662841797], "y": [-1.4975775480270386, -1.4815499782562256, -1.455997347831726, -1.4294036626815796, -1.39849054813385, -1.3532720804214478, -1.377501368522644, -1.8767304420471191, -2.7037668228149414, -3.5203773975372314], "sec": [1, 2, 3, 4, 5, 6, 7, 8, 9, 10]}, "adversary_real": {"speed": [31.527999687194825, 35.28999824523926, 39.85399875640869, 40.55599937438965, 38.51199989318848, 37.41799936294556, 38.499999260902406, 39.56799974441528, 41.05999975204468, 41.82599959373474], "x": [30.748717291515284, 40.431388287556004, 51.3504411831683, 62.64054690319484, 73.45778325364256, 83.83134427500445, 94.4329255968562, 105.38953365206392, 116.79589114405881, 128.51387667592707], "y": [4.4783759117126465, 4.34439754486084, 4.519250869750977, 4.535419464111328, 4.445041656494141, 3.9987635612487793, 2.9219276905059814, 2.06081223487854, 1.7923085689544678, 1.6994801759719849], "sec": [1, 2, 3, 4, 5, 6, 7, 8, 9, 10]}, "esmini": {"rss": [4.404727632574378, 7.51006993242251, 7.51006993242251, 17.176953697269198, 20.412165961529297, 20.412165961529297, 27.70634674559102, 27.910149620143272, 28.27801608044541, 28.350904451081476], "sec": [1, 2, 3, 4, 5, 6, 7, 8, 9, 10]}, "real": {"rss": [4.4047281545786205, 7.51006993242251, 11.13765256352086, 15.533756614018074, 20.412165961529297, 25.046785271913844, 27.797362568826404, 27.91014929258264, 27.97218943260702, 28.350903931701517], "sec": [1, 2, 3, 4, 5, 6, 7, 8, 9, 10]}}, {"file": "gate_south-end_north-end_20210608_054523.0.cutin", "type": "cutin", "carid": 120, "ego_esmini": {"speed": [37.190001296997075, 39.4700008392334, 39.4700008392334, 41.93000106811524, 41.93000106811524, 44.210000610351564, 44.210000610351564], "x": [482.5255432128906, 493.27325439453125, 504.20452880859375, 515.6700439453125, 527.2811279296875, 539.4005737304688, 551.6443481445312], "y": [10.205877304077148, 11.02273941040039, 11.867446899414062, 12.761820793151855, 13.678146362304688, 14.633618354797363, 15.583578109741211], "sec": [1, 2, 3, 4, 5, 6, 7]}, "ego_real": {"speed": [37.190001296997075, 39.4700008392334, 41.160000228881835, 41.93000106811524, 43.38000068664551, 44.210000610351564, 44.970000457763675], "x": [492.2043201005785, 503.1397657663144, 514.325247395843, 526.05696153975, 537.5590731861846, 550.1699726913747, 562.5495251456398], "y": [1.6168254613876343, 1.5995733737945557, 1.5610322952270508, 1.547440767288208, 1.5790945291519165, 1.608182430267334, 1.5799232721328735], "sec": [1, 2, 3, 4, 5, 6, 7]}, "adversary_esmini": {"speed": [43.45400047302246, 45.9140007019043, 51.00200271606445, 51.00200271606445, 51.01400184631348, 51.01400184631348, 51.01400184631348], "x": [497.0735778808594, 509.5918273925781, 522.5391235351562, 536.6622314453125, 550.7874145507812, 564.9134521484375, 579.0367431640625], "y": [14.323831558227539, 15.295969009399414, 16.311494827270508, 17.428770065307617, 18.526229858398438, 19.648143768310547, 20.80491828918457], "sec": [1, 2, 3, 4, 5, 6, 7]}, "adversary_real": {"speed": [43.454001331329344, 45.9140007019043, 50.627999782562256, 51.002000999450686, 50.68800058364868, 51.01400055885315, 51.95400023460388], "x": [503.706175982028, 516.6760815754179, 530.2123749449488, 544.6029173042267, 558.1417406235385, 572.7502312783502, 587.091286647248], "y": [5.95383358001709, 4.738808631896973, 3.7135732173919678, 2.8661458492279053, 2.285365343093872, 1.6944481134414673, 1.2019059658050537], "sec": [1, 2, 3, 4, 5, 6, 7]}, "esmini": {"rss": [26.884945871467664, 28.698044766015187, 26.320012259287864, 29.532628344190243, 29.526725068118537, 32.6085068936963, 32.6085068936963], "sec": [1, 2, 3, 4, 5, 6, 7]}, "real": {"rss": [26.88494551173707, 28.698044766015187, 28.697805268225405, 29.532629188622522, 31.63491314687729, 32.608507527169515, 33.19127985823585], "sec": [1, 2, 3, 4, 5, 6, 7]}}]}