{"parameter": [{"param_ego_start_pos": 362.0873370257685, "param_ego_speed_init": 0.38333332538604736, "param_ego_dist_travelled": 0.0, "param_ego_lane_no_init": 1, "param_cutin_time": 6, "param_adv_speed_interval": {"0": 1.6100000143051147, "33": -0.07999999821186066, "5": 1.9299999475479126, "65": -0.029999999329447746, "41": -0.85999995470047, "74": 0.23999999463558197, "11": 1.6899999380111694, "18": 1.309999942779541, "56": -0.14000000059604645, "25": 0.8199999928474426, "-2": 1.090000033378601}, "param_adv_speed_interval_time": {}, "param_ego_speed_interval": {"0": 0.38333332538604736, "1": 1.8638888597488403, "34": 8.716666221618652, "3": 2.9583332538604736, "7": 4.449999809265137, "43": 8.866666793823242, "12": 5.816666603088379, "18": 6.969444274902344, "52": 8.836111068725586, "26": 7.988888740539551, "61": 8.70555591583252}, "param_cutin_start_dist": 10.630773553873212, "param_adv_speed_init": 1.090000033378601, "param_start_diff": 12.630773553873212, "param_adv_start_pos": 374.7181105796417, "param_adv_lane_no_init": 2}]}