{"parameter": [{"param_ego_start_pos": 404.26121671378445, "param_ego_speed_init": 2.1194443702697754, "param_ego_avg_cutin_speed": 1.5240740378697712, "param_ego_lane_no_init": 1, "param_adv_avg_cutin_speed": 1.9449999332427979, "param_cutin_time": 0, "param_adv_to_cutin_time": 0, "param_cutin_start_dist": 24.55307742563849, "param_adv_speed_init": 2.1194443702697754, "param_start_diff": 24.55307742563849, "param_adv_to_cutin_dist": 0.0, "param_adv_start_pos": 428.81429413942294, "param_ego_to_cutin_dist": 0.0, "param_ego_to_cutin_time": 0, "param_adv_lane_no_init": 2}]}