{"parameter": [{"param_ego_start_pos": 585.0439017557376, "param_ego_speed_init": 6.388591327837536, "param_ego_avg_cutin_speed": 11.201190676007952, "param_adv_to_cutin_time": 0, "param_ego_lane_no_init": 1, "param_adv_speed_init": 6.388591327837536, "param_cutin_start_dist": 14.602059270676705, "param_cutin_time": 3, "param_adv_avg_cutin_speed": 2.0857142550604686, "param_start_diff": 56.503880882809995, "param_adv_to_cutin_dist": 0.0, "param_adv_start_pos": 641.5477826385476, "param_trigger_cond": 0, "param_ego_to_cutin_dist": 3.74083638285737, "param_ego_to_cutin_time": 10, "param_adv_lane_no_init": 2}, {"param_ego_start_pos": 585.4462795051048, "param_ego_speed_init": 1.0583332777023315, "param_ego_avg_cutin_speed": 12.305555661519369, "param_adv_to_cutin_time": 0, "param_ego_lane_no_init": 1, "param_adv_speed_init": 1.0583332777023315, "param_cutin_start_dist": 34.01964023757114, "param_cutin_time": 3, "param_adv_avg_cutin_speed": 0.8749999602635702, "param_start_diff": 119.00370062286652, "param_adv_to_cutin_dist": 0.0, "param_adv_start_pos": 704.4499801279713, "param_trigger_cond": 0, "param_ego_to_cutin_dist": 6.906153831886563, "param_ego_to_cutin_time": 11, "param_adv_lane_no_init": 2}]}