{"parameter": [{"param_ego_start_pos": 0.982800284641798, "param_ego_speed_init": 0.9972222447395325, "param_ego_dist_travelled": 0.7607265592767414, "param_ego_lane_no_init": 1, "param_cutin_time": 13, "param_adv_speed_interval": {"0": 4.759999752044678, "33": 6.179999828338623, "2": 5.079999923706055, "65": 4.460000038146973, "39": 6.099999904632568, "8": 6.049999713897705, "45": 6.37999963760376, "15": 6.389999866485596, "52": 6.25, "21": 6.099999904632568, "58": 4.949999809265137, "27": 5.96999979019165, "-2": 4.819999694824219}, "param_adv_speed_interval_time": {}, "param_ego_speed_interval": {"0": 0.6861110925674438, "1": 0.0, "2": 1.3083332777023315, "4": 2.6777777671813965, "7": 4.252777576446533, "12": 5.93055534362793, "19": 7.255555629730225}, "param_cutin_start_dist": -1.7435268439185394, "param_adv_speed_init": 4.759999752044678, "param_start_diff": 1.017199715358202, "param_adv_start_pos": 2.0, "param_adv_lane_no_init": 0}]}