{"parameter": [{"param_ego_start_pos": 103.6131401309079, "param_ego_speed_init": 3.5694305538758635, "param_ego_avg_cutin_speed": 2.0688888907432554, "param_adv_to_cutin_time": 7, "param_ego_lane_no_init": 1, "param_adv_speed_init": 6.576862172000507, "param_cutin_start_dist": 18.962799063615492, "param_cutin_time": 3, "param_adv_avg_cutin_speed": 2.5589999148622153, "param_start_diff": 18.82291435215737, "param_adv_to_cutin_dist": 0.05466382028608032, "param_adv_start_pos": 122.43605448306526, "param_trigger_cond": 1, "param_ego_to_cutin_dist": 0.0, "param_ego_to_cutin_time": 7, "param_adv_lane_no_init": 2}, {"param_ego_start_pos": 451.0234498159159, "param_ego_speed_init": 5.0916666984558105, "param_ego_avg_cutin_speed": 1.7088889077305793, "param_adv_to_cutin_time": 5, "param_ego_lane_no_init": 1, "param_adv_speed_init": 15.242506656461604, "param_cutin_start_dist": 8.803000236252672, "param_cutin_time": 3, "param_adv_avg_cutin_speed": 4.428999900817871, "param_start_diff": 1.0800114198790425, "param_adv_to_cutin_dist": 7.907684990408814, "param_adv_start_pos": 452.10346123579495, "param_trigger_cond": 1, "param_ego_to_cutin_dist": 15.975378562261739, "param_ego_to_cutin_time": 7, "param_adv_lane_no_init": 2}, {"param_ego_start_pos": 485.84650012836295, "param_ego_speed_init": 2.472222328186035, "param_ego_avg_cutin_speed": 1.3097222279757261, "param_adv_to_cutin_time": 7, "param_ego_lane_no_init": 1, "param_adv_speed_init": 18.602059928495645, "param_cutin_start_dist": 31.46726987811263, "param_cutin_time": 3, "param_adv_avg_cutin_speed": 3.451111091507806, "param_start_diff": 2.227008601813168, "param_adv_to_cutin_dist": 10.841417931475732, "param_adv_start_pos": 488.0735087301761, "param_trigger_cond": 1, "param_ego_to_cutin_dist": 6.241534441484302, "param_ego_to_cutin_time": 7, "param_adv_lane_no_init": 2}]}