{"s": [450.53045919255385, 455.0136946188815, 461.12938149980494, 468.28611762466096, 476.2158552015906, 484.87384926600663, 494.1887714389412, 504.0187830618741, 514.0573876347614, 523.8335349158075, 533.4448764657462, 543.110058270739], "d": [1.6976984739303589, 1.6756477355957031, 1.6166037321090698, 1.5165350437164307, 1.382727861404419, 1.4355913400650024, 1.5634675025939941, 1.6471052169799805, 1.6297409534454346, 1.6425923109054565, 1.70997154712677, 1.766946792602539], "lane_offset": [0.16552885681692506, 0.13893759298225472, 0.07989354058306915, -0.008281271255566824, -0.11063763227047431, -0.116339097713745, -0.039769702115530846, 0.04111242595031518, 0.00043400778112046294, 0.009978010500081123, 0.07012464552208825, 0.11756157069353487], "start_to_current_dist": [2.573371434292028, 7.056606860619695, 13.172293741543115, 20.32902986639914, 28.258767443328793, 36.91676150774481, 46.231683680679396, 56.06169530361228, 66.1002998764996, 75.87644715754567, 85.48778870748441, 95.15297051247722], "speed": [3.5999999046325684, 5.247222423553467, 6.752777576446533, 7.505555629730225, 8.338889122009277, 9.016666412353516, 9.572221755981445, 10.0, 9.858333587646484, 9.73888874053955, 9.691666603088379, 9.627778053283691], "lane": [-2, -2, -2, -2, -2, -2, -2, -2, -2, -2, -2, -2], "sec_count": [1, 2, 3, 4, 5, 6, 7, 8, 9, 10, 11, 12]}