{"s": [458.64706048179465, 465.4102089611133, 472.54391282724487, 481.366921719574, 490.9387233370971, 501.1982306914756, 511.5148480630231, 522.0219411677435, 532.6521392848476, 543.166636812621, 553.3432122967986, 563.4404378399325], "d": [4.45932918548584, 4.5325260734558105, 4.539030342102051, 4.558480262756348, 4.570575428009033, 4.562131595611572, 4.277889728546143, 4.005918025970459, 3.110943078994751, 2.523890972137451, 2.1852121353149414, 1.8833856582641602], "lane_offset": [-0.05892433089784942, -0.001927490687641182, 0.05225692555082141, 0.1150010574868229, 0.09285831078364404, -0.010598697416327994, -0.14344715779893555, -0.9453238907772967, 1.4745659691103612, 0.8745056887898998, 0.5358269127263096, 0.22904258739782568], "start_to_current_dist": [4.812452381879211, 11.57560086119787, 18.709304727329425, 27.532313619658566, 37.104115237181645, 47.36362259156016, 57.68023996310768, 68.18733306782809, 78.8175311849322, 89.33202871270561, 99.50860419688314, 109.6058297400171], "speed": [5.879999876022339, 6.747222423553467, 7.372777581214905, 9.165555596351624, 9.878889083862305, 10.226666331291199, 10.302221715450287, 10.48999997973442, 10.518333554267883, 10.528888702392578, 10.211666584014893, 10.107778042554855], "lane": [-1, -1, -1, -1, -1, -1, -1, -1, -2, -2, -2, -2], "sec_count": [1, 2, 3, 4, 5, 6, 7, 8, 9, 10, 11, 12]}
