{"parameter": [{"param_ego_start_pos": 362.04066046697676, "param_ego_speed_init": 3.1216930888947987, "param_ego_avg_cutin_speed": 7.034259186850654, "param_ego_lane_no_init": 1, "param_adv_avg_cutin_speed": 1.1979999631643294, "param_cutin_time": 4, "param_adv_to_cutin_time": 7, "param_cutin_start_dist": 14.456197388477563, "param_adv_speed_init": 7.034259186850654, "param_start_diff": 7.414004052883399, "param_adv_to_cutin_dist": 10.691517219445814, "param_adv_start_pos": 369.45466451986016, "param_ego_to_cutin_dist": 3.6493238838516504, "param_ego_to_cutin_time": 7, "param_adv_lane_no_init": 2}]}