{"type": "cutin", "data": {"param_ego_lane_offset_init": [], "param_ego_lane_no_init": [-2, -2], "param_ego_speed_init": [4.252777576446533, 10.33055591583252], "param_adv_lane_offset_start": [-0.23638380581711393, 1.7439836376422524], "param_adv_lane_offset_end": [0.12669341851485777, 0.11075659238389653], "param_relative_lane_init": -1, "param_adv_speed_init": [9.802777290344238, 12.070555925369263], "param_start_diff": [-4.37604534010336, 14.813504472897591], "param_cut_triggering_dist": [12.2822292748262, 18.54595576447673], "param_cut_time": [6, 3], "param_cut_distance": [65.87332977273223, 42.488369343021304], "param_total_duration": [12, 10], "param_adv_to_cut_start_dist": [31.891829611679555, 47.21706781410853], "param_adv_to_cut_start_time": [3, 4], "param_adv_to_cut_start_speed": [11.265555381774902, 14.167222499847412], "param_adv_to_cutend_dist": [97.76515938441179, 89.70543715712984], "param_adv_cut_start_to_end_time": [6, 3], "param_adv_cutend_speed": [11.618333220481873, 14.431666731834412], "param_adv_to_scenario_end_dist": [131.62851411971846, 171.75675463537561], "param_adv_cutend_to_scenario_end_time": [3, 3], "param_adv_speed_final": [10.773888550698757, 18.096111297607422], "param_relative_lane_final": -1}}