{"type": "cutout", "data": {"param_ego_lane_offset_init": [], "param_ego_lane_no_init": [-2, -2], "param_ego_speed_init": [9.127778053283691, 2.8805556297302246], "param_adv_lane_offset_start": [0.17997176436062726, -0.034291580030946484], "param_adv_lane_offset_end": [0.08704656305845768, -0.017882952702063467], "param_relative_lane_init": [], "param_adv_speed_init": [5.477778196334839, 5.99055552482605], "param_start_diff": [22.997745063800465, 10.714573979432146], "param_cut_triggering_dist": [24.83849441796258, 12.224606750926796], "param_cut_time": [2, 2], "param_cut_distance": [17.173232908499045, 15.769948206806873], "param_total_duration": [12, 6], "param_adv_to_cut_start_dist": [42.07552690601733, 4.098070765384875], "param_adv_to_cut_start_time": [7, 1], "param_adv_to_cut_start_speed": [7.034444570541382, 5.99055552482605], "param_adv_to_cutend_dist": [59.248759814516376, 19.86801897219175], "param_adv_cut_start_to_end_time": [2, 2], "param_adv_cutend_speed": [9.722777843475342, 8.49833345413208], "param_adv_to_scenario_end_dist": [120.60058225741162, 76.1836267053684], "param_adv_cutend_to_scenario_end_time": [3, 3], "param_adv_speed_final": [10.414999961853027, 8.474444270133972], "param_relative_lane_final": []}}